player_id,display_name,signature,experience_goal,skill_unclosed,skill_closed,skill_e,skill_f
-1,展示名,一句话签名,体验目标,右键未闭合描述,右键闭合描述,E键技能描述,F键终极技能描述
silk,缚丝,"不要挣扎，痛苦是会传染的。","极致的伤害传导与团队资源循环。不靠正面硬杀，而是通过链接、扩散与联动，把整片战场改造成会互相感染的伤害网络。","【同频连结】拉出无伤直线，为沿线敌人挂上灵魂链接。被链接的目标会共享部分所受伤害，并为后续连携爆发做准备。","【命运绞索】闭合后生成灵魂牢笼，禁锢圈内目标并集中引爆全部链接，打出成片的真实伤害。","【能流裁断】主动切断战场上的链接网络，将已铺开的连锁关系一次性收束成高额爆发，并反哺小队资源。","【众生相连】进入高频织网状态，画线代价显著下降，整张战场都会被拖入她设计好的连锁终局。"
collapse,坍缩者,"连光都逃不出去的深渊，就是我替你画下的坟。","高风险高回报的微型闭合玩法。依靠极短、极准的闭环制造奇点，把高价值目标强行拖进自己的几何死区。","【引力牵丝】开放线会留下弱牵引路径，沿线目标被减速、拉扯，为后续闭合收口制造角度。","【奇点诞生】极小闭合区域会在几何中心生成奇点，瞬间吸附、压缩并摧毁圈内敌人。","【坍缩震爆】引爆场上现存的奇点与坍缩资产，把先前铺下的控制点转化为二次爆发。","【事件视界】释放持续存在的重力核心，改写局部空间规则，让敌群在强牵引与高压坍缩中失去阵型。"
minimalist,斩铁,"花哨的轨迹留给弱者，杀人，一条直线就够了。","极致的居合斩与线长爆发。画得越直、拉得越长，最终拔刀的范围、伤害与定帧压迫感就越强。","【膨胀剑气】开放线会沿轨迹生成不断外扩的剑气带，线越长，半宽与伤害越高。","【一线封喉】闭合结构会被当作一次强制收刀处理，将内部敌人一并卷入高热切割判定。","【弦音共振】以场上的熔毁切痕为中心爆发震波，打断、击退并重置敌群站位。","【维度断裂】消耗当前能量的一部分，对全部熔毁切痕执行终结斩，把铺线瞬间兑现成最终爆发。"
parasite,血役师,"你每一次绝望的挣扎，都在为我的巢穴添砖加瓦。","持续扩散、滚雪球式的异常状态体验。先用开放线播种寄生，再靠脉冲、催化与触手收网，把怪群慢慢养成自己的血肉温床。","【寄生播种】开放线会为沿线目标种下寄生体，宿主会定期向周围散播伤害与减速脉冲。","【血巢温床】闭合后形成血池与束缚区域，把圈内敌人的生命和位置同时锁进她的生态循环。","【催化裂变】立刻引爆所有已寄生宿主；若宿主死亡，还会把附近健康敌人继续拖进新的寄生链条。","【血巢暴君】进入高压扩散阶段，寄生、血坑与冲刺污染彼此叠加，整片战场都会被她转化成持续失血的巢穴。"
joule,焦耳,"他们叫这门技术，我叫它物理过载。","通过焦油标记、闭合引爆与二次点燃改写敌群路线。先做局，再一次性点爆全场。","【化学焦油】开放线会留下高黏度焦油带，踩中的敌人被显著减速并承受更高后续伤害。","【雷区闭环】闭合后生成高爆区域，圈内敌人会被拖进连锁处决与后续引燃逻辑。","【火花起爆】主动点燃场上的焦油与已埋资产，将铺设阶段直接转换成一次大面积火力兑现。","【白磷火雨】进入强化轰炸模式，持续刷新焦油与引爆压力，让敌群在阵地战里被逐层烧穿。"
arc,弧光,"当你看见我画出的光轨时，我已经在那条轨道的尽头了。","把画线与高速位移彻底绑在一起。不是站着画，而是一边穿梭一边规划路线，用位置本身完成切割。","【光速穿梭】开放线会把角色本体直接送上光轨，在绝对无敌的位移中切开沿线目标。","【离心死区】闭合后生成高速离心场，把敌人向几何中心或外缘强制重排，制造更激进的路线选择。","【漂移起爆】用高速折返或急停把先前积蓄的动能集中释放，在转向点打出高额区域爆炸。","【矩阵超频】进入超高速模式，位移、无敌、切割和轨迹重叠全部上升到更危险也更爽的极限。"
overtone,泛音,"战场是我的指板，光弦是我的琴弦，而你的脚步，就是拨动杀意的拨片。","把走位、冲刺和节奏感变成真正的输出核心。你不是在放技能，而是在演奏一套会反过来控制战场的乐段。","【紧绷光弦】开放线会留存为可被穿过的长弦，玩家每次位移跨弦，都能把整条线拨成一面音波墙。","【共鸣鼓面】闭合后生成可反复踩击的鼓面；在存续期间，Dash 落点与穿越都会引爆环形震荡波。","【强制调音】将场上现存的弦与鼓面资产向角色位置整体收束，重新拼出更有利的演奏角度。","【死亡重金属】进入狂想曲阶段，所有弦面资产自动高频触发，整个战场会像失控舞台一样连续爆响。"
phalanx,方阵,"你冲得越猛，你的骨头砸在同伴身上时就越碎。","以墙、角度与反弹几何主导战场。不是单纯阻挡，而是把敌人的每一次冲锋都转化成可计算的保龄球撞击。","【斥力屏障】开放线生成带耐久的偏导屏障，敌人撞上后会被打断、弹飞并化作肉体炮弹。","【动能弹球机】闭合后围出超高耐久方阵，圈内敌人会被向外炸飞，再在内壁与彼此之间不断连锁碰撞。","【动能开球】把未闭合屏障当作推进器整体前推，像台球杆一样把前排怪群狠狠干进后排。","【绝对刚体】进入无限耐久状态，屏障与本体共同成为反弹核心，把整场战斗重写成纯粹的动能实验。"
