"skill_id","energy_cost","cooldown","fixed_segment_length","dash_speed","energy_per_10px","energy_threshold_distance","energy_scale_multiplier","base_line_duration","desc_q_line","desc_q_circle","desc_e","tags","param1","param1_note","param2","param2_note","param3","param3_note","param4","param4_note","param5","param5_note","param6","param6_note","param7","param7_note","param8","param8_note","param9","param9_note","param10","param10_note"
"-1","能量消耗","冷却时间","线段长度","冲刺速度","每10px能量","能量阈值距离","能量递增系数","线条持续","Q画线描述","Q画圈描述","E技能描述","标签(英文逗号分隔)","特有参数1","参数1说明","特有参数2","参数2说明","特有参数3","参数3说明","特有参数4","参数4说明","特有参数5","参数5说明","特有参数6","参数6说明","特有参数7","参数7说明","特有参数8","参数8说明","特有参数9","参数9说明","特有参数10","参数10说明"
"skill_dash","5","","","","","","","","","","","active","400","冲刺距离(dash_distance)","2000","冲刺速度(dash_speed)","20","冲刺伤害(dash_damage)","2","冲刺击退(dash_knockback)","","","","","","","","","","","",""
"skill_butcher_q","28","","400","","0.4","1800","0.001","6.0","沿路径展开链锯切割墙，持续伤害并把敌人推离路径。","闭合后形成绞杀区：持续牵引切割并触发肢解斩。","","q,active,drawing,line,closed_shape","31","锯墙接触伤害(saw_damage_open)","0.32","锯墙伤害间隔(saw_contact_interval)","59","绞杀持续伤害(saw_area_damage)","0.32","绞杀伤害间隔(saw_area_interval)","6.7","绞杀区持续(closure_duration)","308.0","链锯作用半径(chain_radius)","1392.0","锯墙推离力度(saw_push_force)","72","肢解斩伤害(dismember_damage)","30.8","旋锯强度(saw_rotation_speed)","990.0","肢解全伤半径(saw_max_distance)"
"skill_meat_stake","40","10.0","","","","","","","","","投掷肉桩钉住敌人，造成伤害并固定目标。","e,active,burst","1.20","e_damage_or_heal","1.8","e_control_duration_or_buff_duration","20","肉桩伤害(stake_impact_damage)","6","肉桩持续(stake_duration)","","","","","","","","","","","1.2","f_internal_trigger_cd(reference)"
"skill_weaver_q","10","","320","","0.4","1800","0.0006","","沿路径编织蛛网线，延迟后收网对路径上敌人造成伤害。","闭合区域内编织蛛网陷阱，困住区域内敌人。","","q,active,drawing,closed_shape","3","收网速度(recall_fly_speed)","40","收网伤害(recall_damage)","3","处决倍率(recall_execute_mult)","8","自动收网(auto_recall_delay)","","","","","","","","","","","",""
"skill_stun_bomb","34","9.0","","","","","","","","","投掷定身炸弹，范围内敌人被定身。","e,active,burst","0.30","e_damage_or_heal","1.2","e_control_duration_or_buff_duration","","","","","","","","","","","","","","","1.5","f_internal_trigger_cd(reference)"
"skill_lurewarden_q","","","600","2000","0.4","1800","0.0005","","沿路径冲刺，对路径上敌人造成伤害并击退。","闭合区域形成围栏，困住区域内敌人。","","q,active,drawing,line,closed_shape","1","冲刺伤害(dash_damage)","10","冲刺基础伤害(dash_base_damage)","2","冲刺击退(dash_knockback)","","","","","","","","","","","","","",""
"skill_lurewarden_explosion","8","","","","","","","","","","引爆周围区域，对范围内敌人造成大量伤害。","e,active,burst","200","爆炸半径(explosion_radius)","100","爆炸伤害(explosion_damage)","","","","","","","","","","","","","","","",""
"skill_pyro_q","","","300","1200","0.4","1800","0.0008","","沿路径创建火墙，阻挡敌人并造成接触伤害。","闭合区域内创建火海，持续对区域内敌人造成伤害。","","q,active,drawing,line,closed_shape","20","火线伤害(fire_line_damage)","5","火线持续(fire_line_duration)","24","火线宽度(fire_line_width)","40","火海伤害(fire_sea_damage)","5","火海持续(fire_sea_duration)","","","","","","","","","",""
"skill_fire_nova","36","8.0","","","","","","","","","在角色周围产生火焰环，击退附近敌人。","e,active,burst","0.80","e_damage_or_heal","0.0","e_control_duration_or_buff_duration","3","火焰新星持续(fire_nova_duration)","","","","","","","","","","","","","1.0","f_internal_trigger_cd(reference)"
"skill_wind_q","","","300","1200","0.4","1800","0.0006","","沿路径创建风墙，将敌人吸向风墙中心并造成伤害。","闭合区域内创建暴风区，持续将敌人拉向中心。","","q,active,drawing,line,closed_shape","350","风墙吸力(wind_wall_pull_force)","15","风墙伤害(wind_wall_damage)","30","暴风区伤害(storm_zone_damage)","3","风墙持续(wind_wall_duration)","24","风墙宽度(wind_wall_width)","120","风墙效果半径(wind_wall_effect_radius)","400","暴风区吸力(storm_zone_pull_force)","3","暴风区持续(storm_zone_duration)","","","",""
"skill_storm_eye","8","","","","","","","","","","在角色位置创建暴风眼，吸引并伤害附近敌人。","e,active,burst","140","暴风眼半径(storm_eye_radius)","35","暴风眼伤害(storm_eye_damage)","500","暴风眼吸力(storm_eye_pull_force)","3","暴风眼持续(storm_eye_duration)","","","","","","","","","","","",""
"skill_sapper_q","","","300","1200","0.4","1800","0.001","","沿路径埋设地雷，敌人踩到后触发爆炸造成大量伤害。","闭合区域内密集布雷，形成雷区。","","q,active,drawing,line,closed_shape","150","地雷伤害(mine_damage)","20","地雷触发半径(mine_trigger_radius)","120","地雷爆炸半径(mine_explosion_radius)","50","地雷密度距离(mine_density_distance)","60","地雷区域密度(mine_area_density)","","","","","","","","","",""
"skill_totem","32","10.0","","","","","","","","","放置图腾，图腾自动攻击附近敌人。","e,active,burst","0.90","e_damage_or_heal","0.0","e_control_duration_or_buff_duration","","","","","","","","","","","","","","","1.2","f_internal_trigger_cd(reference)"
"skill_glacier_q","","0","","","0.4","1800","0.0005","5.0","沿路径创建冰墙，阻挡并造成寒伤。","闭合区域触发冰封脉冲，冻结并持续减速。","","q,active,drawing,closed_shape","5.6","冰墙持续(wall_duration)","17.6","冰墙宽度(wall_width)","2.2","冻结持续(freeze_duration)","15","冰墙接触伤害(frost_contact_damage)","0.39","冰墙伤害间隔(frost_contact_interval)","23","暴雪伤害(blizzard_damage)","0.72","深寒减速(deep_slow)","","","","","",""
"skill_glacier_e","39","10.2","","","","","","","","","霜爆锚：定点冰爆冻结并施加脆裂标记。","e,active,burst","500","击退力度(knockback_force)","3","护盾值(shield_amount)","145","爆炸半径(explosion_radius)","46","冰爆伤害(explosion_damage)","","","","","","","","","","","",""
"skill_arcstriker_q","","0","","","0.4","1800","0.0005","5.0","沿路径拉出电弧，持续电击并短暂定身。","闭合区域形成雷电场，高频落雷并附加易伤。","","q,active,drawing,closed_shape","36","电弧伤害(arc_damage)","1.2","电弧定身(arc_stun_duration)","46","雷场伤害(field_damage)","5.0","雷场持续(field_duration)","0.3","电弧触发间隔(arc_interval)","0.29","雷场易伤(field_damage_amp)","","","","","","","",""
"skill_arcstriker_e","37","9.4","","","","","","","","","过载线圈：放置线圈并与导轨共振，触发高频电跳。","e,active,burst","2.8","沉默持续(silence_duration)","200","沉默范围(silence_radius)","","","","","","","","","","","","","","","",""
"skill_runeblazer_q","","0","","","0.4","1800","0.0005","5.0","沿路径点燃火墙，灼烧并放大受害。","闭合区域形成焚场，持续灼伤敌人。","","q,active,drawing,closed_shape","19","火墙接触伤害(wall_contact_damage)","51","火海伤害(fire_sea_damage)","5.6","火海持续(fire_sea_duration)","0.29","灼烧易伤(scorch_damage_amp)","11.0","燃烧点伤(burn_dot_value)","0.4","燃烧触发间隔(burn_tick_interval)","19.8","火墙宽度(flame_wall_width)","","","","","",""
"skill_runeblazer_e","39","8.9","","","","","","","","","焚步迁跃：闪现到符文并引爆，触发符炎齐射。","e,active,burst","600","击退力度(knockback_force)","160","爆炸半径(explosion_radius)","42","火焰环伤害(explosion_damage)","","","","","","","","","","","","","",""
"skill_plague_q","","0","","","0.4","1800","0.0005","5.0","沿路径扩散疫带，减速并叠加中毒。","闭合区域生成瘴气池，放大伤害并附带诅咒。","","q,active,drawing,closed_shape","0.64","疫带减速(slow_value)","13","毒伤强度(poison_damage)","6.2","中毒持续(poison_duration)","0.41","瘴气易伤(damage_amp_value)","7.3","瘴气持续(debuff_zone_duration)","23","瘴气伤害(miasma_damage)","10.2","瘴气诅咒(curse_value)","","","","","",""
"skill_plague_e","35","9.8","","","","","","","","","病原注射：标记宿主，受击时向周围喷溅孢子。","e,active,burst","250","引爆范围(detonate_radius)","44","每层引爆伤害(damage_per_stack)","","","","","","","","","","","","","","","",""
"skill_jailer_q","24","0","","","0.4","1800","0.0005","6.5","沿路径建立电网墙，接触即受伤。","闭合后形成监狱封锁，并附带减速与恐惧压制。","","q,active,drawing,closed_shape","28","电网接触伤害(wall_contact_damage)","17.6","电网宽度(wall_width)","7.3","电网持续(wall_duration)","0.67","监狱减速(prison_slow_value)","1.2","监狱恐惧持续(prison_fear_duration)","","","","","","","","","",""
"skill_jailer_e","39","11.2","","","","","","","","","枷锁判决：拘束高威胁目标并压制输出。","e,active,burst","0.45","e_damage_or_heal","2.0","e_control_duration_or_buff_duration","90","扇形角度(fan_angle)","36","盾击伤害(bash_damage)","","","","","","","","","","","1.3","f_internal_trigger_cd(reference)"
"skill_stormseer_q","","0","","","0.4","1800","0.0005","5.0","沿路径形成风带，友军高机动并切割敌人。","闭合区域化为台风眼，牵引、减速并持续伤害。","","q,active,drawing,closed_shape","0.45","风带加速(speed_boost_value)","4.5","风带持续(buff_duration)","28","台风伤害(pull_damage)","417.6","台风牵引(pull_force)","6.2","台风持续(area_duration)","18","风切伤害(wind_cut_damage)","0.41","风切减速(storm_slow_value)","","","","","",""
"skill_stormseer_e","36","8.8","","","","","","","","","风眼跃迁：在雷极点间位移并落雷补伤。","e,active,burst","800","抛飞力度(throw_force)","170","龙卷风范围(throw_radius)","0.8","眩晕时间(stun_duration)","36","龙卷风伤害(throw_damage)","","","","","","","","","","","",""
"skill_blacksmith_q","","0","","","0.4","1800","0.0005","5.0","沿路径锻出熔轨墙，阻挡敌人并造成接触伤害。","闭合区域生成锻炉圈，提升攻击并提供吸血。","","q,active,drawing,closed_shape","23","熔轨接触伤害(rail_contact_damage)","0.32","熔轨伤害间隔(rail_contact_interval)","22.0","熔轨宽度(rail_width)","0.52","锻炉攻击提升(forge_attack_boost)","0.21","锻炉吸血(forge_lifesteal)","6.2","锻炉持续(buff_duration)","","","","","","","",""
"skill_blacksmith_e","36","9.8","","","","","","","","","回火重击：强化下一击并触发扇形火花。","e,active,burst","","","","","","","","","","","","","","","","","","","",""
"skill_medic_q","","0","","","0.4","1800","0.0005","5.0","沿路径创建战地支援带，持续治疗并压制敌方机动。","闭合区域生成救治场，强化治疗并提供吸血支援。","","q,active,drawing,closed_shape","6","治疗量(heal_value)","0.5","线段减速(slow_value)","3.4","战地持续(invincible_duration)","0.21","分诊加速(triage_speed_boost)","0.14","战地吸血(field_lifesteal)","1.9","战地治疗倍率(field_heal_multiplier)","","","","","","","",""
"skill_medic_e","37","9.6","","","","","","","","","急救针：瞬时治疗并赋予短护盾，净化负面。","e,active,burst","5.0","吸血持续(lifesteal_duration)","0.28","吸血比例(lifesteal_value)","","","","","","","","","","","","","","","",""
"skill_quartermaster_q","","0","","","0.4","1800","0.0005","5.0","沿路径创建压制弹链，使敌人易伤并持续受创。","闭合区域生成补给区，提供冷却缩减与攻击提升。","","q,active,drawing,closed_shape","0.26","线段易伤(line_damage_amp)","13","线段压制伤害(line_damage)","0.26","补给冷却缩减(supply_cooldown_reduction)","0.29","补给攻击提升(supply_attack_boost)","5.6","补给区持续(buff_duration)","","","","","","","","","",""
"skill_quartermaster_e","34","9.2","","","","","","","","","战术换弹：立即装填并打出短压制射击。","e,active,burst","","","","","","","","","","","","","","","","","","","",""
"skill_paladin_q","","0","","","0.4","1800","0.0005","6.0","沿路径创建圣墙，反弹敌方弹道并反制接触。","闭合区域形成圣域，治疗友方并强化集火。","","q,active,drawing,closed_shape","17.6","圣墙宽度(wall_width)","6.7","圣墙持续(wall_duration)","3","圣域治疗(heal_value)","5.6","圣域持续(buff_duration)","0.3","圣域攻击提升(sanctuary_attack_boost)","0.2","圣域易伤(sanctuary_damage_amp)","13","圣墙接触伤害(reflect_contact_damage)","","","","","",""
"skill_paladin_e","41","10.4","","","","","","","","","誓约突进：突进并嘲讽周围敌人。","e,active,burst","240","嘲讽范围(taunt_radius)","2.8","嘲讽持续(taunt_duration)","","","","","","","","","","","","","","","",""
"skill_bloodsworn_q","","0","","","0.4","1800","0.0005","5.0","消耗自身生命沿路径放血斩杀。","闭合区域形成血池，提供高额续航并回血。","","q,active,drawing,closed_shape","0.08","生命消耗比例(hp_cost_percent)","42","血线伤害(blood_damage)","0.8","吸血比例(lifesteal_value)","6.2","血池持续(blood_pool_duration)","0.29","血印易伤(blood_mark_amp)","5","血池治疗(blood_heal_value)","","","","","","","",""
"skill_bloodsworn_e","39","8.6","","","","","","","","","穿心獠牙：突刺施加流血并吸血。","e,active,burst","200","吸血范围(drain_radius)","36","吸血伤害(drain_damage)","0.5","治疗比例(heal_percent)","","","","","","","","","","","","","",""
"skill_banner_q","","0","","","0.4","1800","0.0005","5.0","沿路径创建冲锋线，使队友穿模并加速。","闭合区域生成号令场，使敌人易伤并周期恐惧。","","q,active,drawing,closed_shape","0.32","冲锋线移速(line_speed_boost)","0.41","号令易伤(defense_reduction)","5.6","号令场持续(debuff_duration)","1.2","恐惧持续(fear_duration)","","","","","","","","","","","",""
"skill_banner_e","34","9.2","","","","","","","","","军号冲阵：引爆旗点并形成冲锋波。","e,active,burst","0.45","移速加成(speed_boost_value)","4.0","移速加成持续(speed_boost_duration)","","","","","","","","","","","","","","","",""
"skill_breachmarshal_q","","0","","","0.4","1800","0.0005","5.0","沿路径释放列车冲击，双段轨道碾压。","闭合区域触发旋转光束，持续高频扫荡。","","q,active,drawing,closed_shape","0.7","首段延迟(shockwave_delay)","60","首段伤害(shockwave_damage)","38","光束伤害(beam_damage)","6.2","光束持续(beam_duration)","1.4","次段延迟(aftershock_delay)","54","次段伤害(aftershock_damage)","35.2","轨道宽度(rail_width)","","","","","",""
"skill_breachmarshal_e","37","9.9","","","","","","","","","汽笛震波：扇形声浪击退并短眩。","e,active,burst","200","致盲范围(blind_radius)","2.2","致盲持续(blind_duration)","","","","","","","","","","","","","","","",""
"skill_swarm_q","","0","","","0.4","1800","0.0005","8.0","沿路径连续孵化甲虫并压制敌人移速。","闭合区域生成孵化巢，召唤炮台并持续支援。","","q,active,drawing,closed_shape","41","甲虫伤害(beetle_damage)","0.7","甲虫孵化间隔(beetle_interval)","6.2","甲虫持续(beetle_duration)","23","炮台伤害(turret_damage)","4","炮台数量(turret_count)","3","孵化场治疗(heal_value)","0.41","孵化压制减速(brood_slow_value)","10.0","炮台持续(turret_duration)","9.0","孵化支援持续(brood_heal_duration)","",""
"skill_swarm_e","35","9.4","","","","","","","","","孵化爆裂：引爆幼虫群并施加中毒。","e,active,burst","","","","","","","","","","","","","","","","","","","",""
"skill_spiritcaller_q","","0","","","0.4","1800","0.0005","10.0","沿路径部署双图腾并释放高频电链。","闭合区域触发震场，减速并施加过载易伤。","","q,active,drawing,closed_shape","31","图腾伤害(totem_damage)","10.0","图腾持续(totem_duration)","23","电链伤害(chain_damage)","51","震场伤害(quake_damage)","0.60","震场减速(slow_value)","5.0","震场持续(quake_duration)","0.28","过载易伤(overload_damage_amp)","","","","","",""
"skill_spiritcaller_e","34","8.9","","","","","","","","","图腾转相：切换图腾三态并立刻脉冲。","e,active,burst","","","","","","","","","","","","","","","","","","","",""
"skill_turretwright_q","","0","","","0.4","1800","0.0005","12.0","沿路径部署自动炮塔阵列。","闭合区域触发超频站，追加重炮并提升火力。","","q,active,drawing,closed_shape","31","炮台伤害(turret_damage)","4","部署数量(turret_count)","10.0","炮台持续(turret_duration)","0.75","超频火力(repair_boost)","7.3","超频持续(repair_duration)","44","超频炮伤(overclock_turret_damage)","2","超频炮数量(overclock_count)","","","","","",""
"skill_turretwright_e","33","8.4","","","","","","","","","速建炮台：立即部署微炮塔并优先锁定首领。","e,active,burst","","","","","","","","","","","","","","","","","","","",""
"skill_mirebinder_q","","0","","","0.4","1800","0.0005","5.0","沿路径铺设黏液，重度减速并附带毒蚀。","闭合区域裂变为黏池，持续伤害并孵化史莱姆。","","q,active,drawing,closed_shape","0.92","黏液减速(slow_value)","4.5","减速持续(slow_duration)","31","黏池伤害(pool_damage)","6.2","黏池持续(pool_duration)","4","史莱姆数量(slime_count)","11.5","毒蚀强度(mirebinder_poison_value)","57.2","裂变半径(split_radius)","","","","","",""
"skill_mirebinder_e","35","8.8","","","","","","","","","酸泡弹：抛射酸泡分裂腐蚀并强化胶池控场。","e,active,burst","150","吞噬范围(devour_radius)","30","吞噬治疗量(heal_amount)","","","","","","","","","","","","","","","",""
"skill_necro_q","","0","","","0.4","1800","0.0005","8.0","沿路径筑起骨墙，阻挡并造成接触伤害。","闭合区域化为墓域：持续伤害、诅咒并召唤骨仆。","","q,active,drawing,closed_shape","3","骨墙生命(wall_health)","17.6","骨墙宽度(wall_width)","70","墓域伤害(corpse_damage)","6.7","墓域持续(corpse_duration)","10.2","墓域诅咒值(grave_curse_value)","0.9","诅咒触发间隔(grave_tick_interval)","3","骨仆数量(skeleton_count)","6.7","骨仆持续(summon_duration)","1.00","骨仆伤害系数(summon_damage_ratio)","15","骨墙接触伤害(bone_contact_damage)"
"skill_necro_e","36","9.4","","","","","","","","","灵契收割：标记目标，死亡后转化灵魂球。","e,active,burst","200","恐惧范围(fear_radius)","3.0","恐惧持续(fear_duration)","","","","","","","","","","","","","","","",""
"skill_illusionist_q","","0","","","0.4","1800","0.0005","5.0","沿路径展开镜面墙，反弹弹道并附加破绽标记。","闭合区域召唤幻影分身群，周期扰乱敌人。","","q,active,drawing,closed_shape","17.6","镜墙宽度(wall_width)","6.2","镜墙持续(wall_duration)","23","幻影伤害(phantom_damage)","10.0","幻影持续(phantom_duration)","4","幻影数量(phantom_count)","0.2","镜痕易伤(mirror_mark_amp)","1.20","镜恐惧持续(mirror_fear_duration)","","","","","",""
"skill_illusionist_e","32","8.4","","","","","","","","","幻步替身：留下分身并交换位置，复制镜线伤害。","e,active,burst","","","","","","","","","","","","","","","","","","","",""
"skill_hexwarden_q","","0","","","0.4","1800","0.0005","6.0","沿路径播撒诅咒并扰乱敌方阵形。","闭合区域化作针刺咒域，持续伤害并放大受击。","","q,active,drawing,closed_shape","6.7","诅咒持续(curse_duration)","14","诅咒伤害(curse_damage)","44","针刺伤害(pin_damage)","5.0","针刺持续(pin_duration)","1.20","巫恐惧持续(hex_fear_duration)","0.26","巫易伤(hex_damage_amp)","","","","","","","",""
"skill_hexwarden_e","38","10.2","","","","","","","","","替身针：将部分受伤转移至咒偶目标。","e,active,burst","20","自伤值(self_damage)","54","诅咒伤害(curse_damage)","","","","","","","","","","","","","","","",""
"skill_broker_q","20","0","","","0.4","1800","0.0005","6.0","沿路径创建赏金线，使敌人易伤。","闭合区域开启黑市，加速并产出金币。","","q,active,drawing,closed_shape","0.2","赏金易伤(bounty_damage_amp)","3.4","赏金持续(bounty_duration)","0.17","黑市移速(discount_speed_boost)","6.7","黑市持续(market_duration)","4","黑市产币数量(market_coin_count)","","","","","","","","","",""
"skill_broker_e","30","12.4","","","","","","","","","赊账交易：金币换护盾或生命换增伤。","e,active,burst","0.00","e_damage_or_heal","3.0","e_control_duration_or_buff_duration","","","","","","","","","","","","","","","1.8","f_internal_trigger_cd(reference)"
"skill_gildhand_q","","0","","","0.4","1800","0.0005","5.0","沿路径释放镀金射线，使敌人石化减速并易伤。","闭合区域开启转化阵：放大伤害并返还金币。","","q,active,drawing,closed_shape","0.92","石化减速(petrify_slow)","3.4","石化持续(petrify_duration)","0.4","转化易伤(transmute_damage_amp)","5.6","转化持续(transmute_duration)","13","镀金线伤害(gilded_line_damage)","5","转化产币(transmute_coin_count)","28","转化附加伤害(transmute_bonus_damage)","","","","","",""
"skill_gildhand_e","35","8.8","","","","","","","","","点金手：提升石化进度并造成重击。","e,active,burst","180","点金伤害(touch_damage)","120","点金范围(touch_radius)","30","掉落金币(gold_drop)","","","","","","","","","","","","","",""
"skill_singularist_q","23","0","","","0.4","1800","0.0005","6.0","沿路径构建传送带，牵引并压碎敌人。","闭合区域形成真空涡流，强吸附并持续伤害。","","q,active,drawing,closed_shape","324.8","线段牵引力(pull_force)","21","线段牵引伤害(pull_damage)","480.0","涡流牵引力(vortex_force)","38","涡流伤害(vortex_damage)","5.0","涡流持续(vortex_duration)","0.2","牵引易伤(suction_damage_amp)","","","","","","","",""
"skill_singularist_e","36","8.9","","","","","","","","","反向喷口：外推打断近身并制造二段牵引。","e,active,burst","0.50","e_damage_or_heal","0.8","e_control_duration_or_buff_duration","","","","","","","","","","","","","","","1.0","f_internal_trigger_cd(reference)"
"skill_executioner_q","","0","","","0.4","1800","0.0005","5.0","沿路径施加处刑标记并持续割裂。","闭合区域触发断头台，短时高频斩击并恐惧敌人。","","q,active,drawing,closed_shape","0.45","易伤倍率(damage_amp_value)","5.0","易伤持续(damage_amp_duration)","130","断头台伤害(guillotine_damage)","1.3","断头台持续(guillotine_duration)","20","线段割裂伤害(line_bleed_damage)","0.39","线段触发间隔(line_tick_interval)","1.2","处刑恐惧持续(execute_fear_duration)","","","","","",""
"skill_executioner_e","42","11.2","","","","","","","","","断头令：瞬斩低血罪证目标并返还冷却。","e,active,burst","190","处刑范围(execute_radius)","0.16","处刑血量阈值(execute_threshold)","","","","","","","","","","","","","","","",""
"skill_fatebinder_q","21","0","","","0.4","1800","0.0005","5.5","沿路径生成赌注线，基础易伤并概率追加特殊减益。","闭合区域触发轮盘：增益/减益/头奖，带保底机制。","","q,active,drawing,closed_shape","0.31","基础增益倍率(random_buff_value)","0.31","基础减益倍率(random_debuff_value)","6.2","轮盘持续(zone_duration)","0.38","线段加注概率(line_bonus_proc_chance)","13","线段加注伤害(line_bonus_damage)","0.6","头奖攻击提升(jackpot_bonus_attack)","0.31","头奖冷却缩减(jackpot_bonus_cooldown)","32","头奖追加伤害(jackpot_damage)","2","头奖保底层数(jackpot_streak_limit)","",""
"skill_fatebinder_e","33","9.4","","","","","","","","","掷骰换牌：重掷奖池并立即结算小奖。","e,active,burst","0.00","e_damage_or_heal","0.0","e_control_duration_or_buff_duration","26","赌输自伤(self_damage)","","","","","","","","","","","","","1.6","f_internal_trigger_cd(reference)"
"skill_trapper_q","","0","","","0.4","1800","0.0005","8.0","沿路径布置陷阱线，减速并冻结猎物。","闭合区域构成猎场：标记、冻结并触发爆发伤害。","","q,active,drawing,closed_shape","0.6","线段减速(slow_value)","3.4","减速持续(slow_duration)","2.2","冻结持续(freeze_duration)","9.0","猎场持续(trap_duration)","18","陷阱伤害(trap_damage)","0.32","猎场标记(mark_damage_amp)","31","猎场爆发(burst_damage)","","","","","",""
"skill_trapper_e","34","8.8","","","","","","","","","狩猎跃击：跃击被标记目标并施加破甲。","e,active,burst","300","标记范围(mark_radius)","5.0","标记持续(mark_duration)","0.42","标记伤害放大(mark_damage_amp)","","","","","","","","","","","","","",""
"skill_butcher_e","50","10.8","","","","","","","","","肉桩钉锁：钉住并牵引目标，拉向最近锯链或闭合圈边。","e,active,burst","1.20","e_damage_or_heal","1.8","e_control_duration_or_buff_duration","26","肉桩伤害(stake_impact_damage)","5.6","肉桩持续(stake_duration)","","","7.0","肉桩持续(stake_duration)","","","","","","","1.2","f_internal_trigger_cd(reference)"
"skill_weaver_e","40","9.4","","","","","","","","","麻痹梭：在蛛网节点间弹射，短暂麻痹并补诅咒层。","e,active,burst","320","定身半径(stun_radius)","1.3","定身持续(stun_duration)","","","","","","","","","","","","","","","1.5","f_internal_trigger_cd(reference)"
"skill_lurewarden_e","45","10.8","","","","","","","","","号哨突进：命令牧兽冲锋，优先把敌人顶向围栏边缘。","e,active,burst","220","爆炸半径(explosion_radius)","108","爆炸伤害(explosion_damage)","560","击退力度(explosion_knockback)","","","","","","","","","","","","","",""
"skill_pyro_e","47","9.2","","","","","","","","","火脉跃燃：短冲刺点燃路径，终点触发爆燃。","e,active,burst","180","火焰新星半径(fire_nova_radius)","46","火焰新星伤害(fire_nova_damage)","2.4","火焰新星持续(fire_nova_duration)","","","","","","","","","","","","","1.0","f_internal_trigger_cd(reference)"
"skill_wind_e","33","8.6","","","","","","","","","回旋踏切：位移后回斩最近风线，附短牵引。","e,active,burst","160","暴风眼半径(storm_eye_radius)","36","暴风眼伤害(storm_eye_damage)","540","暴风眼吸力(storm_eye_pull_force)","2.2","暴风眼持续(storm_eye_duration)","","","","","","","","","","","",""
"skill_sapper_e","37","10.8","","","","","","","","","工爆补给箱：武装最近雷点并触发一次同步起爆。","e,active,burst","6.6","图腾持续时间(totem_duration)","240","图腾最大生命值(totem_max_health)","650","图腾嘲讽范围(totem_taunt_radius)","150","图腾爆炸半径(totem_explosion_radius)","155","图腾爆炸伤害(totem_explosion_damage)","","","","","","","","","1.2","f_internal_trigger_cd(reference)"
