skill_id,param_name,param_value,description
-1,参数名,参数值,说明
skill_dash,energy_cost,5,能量消耗
skill_dash,dash_distance,400,冲刺距离
skill_dash,dash_speed,2000,冲刺速度
skill_dash,dash_damage,20,冲刺伤害
skill_dash,dash_knockback,2,冲刺击退
skill_saw_path,energy_cost,10,能量消耗
skill_saw_path,fixed_segment_length,400,线段长度
skill_saw_path,saw_fly_speed,1100,锯条速度
skill_saw_path,saw_damage_tick,3,锯条伤害闪
skill_saw_path,saw_damage_open,1,锯条伤害开
skill_saw_path,chain_radius,250,链条半径
skill_saw_path,energy_per_10px,0.4,每10像素能量
skill_saw_path,energy_threshold_distance,1800,能量阈值距离
skill_saw_path,energy_scale_multiplier,0.001,能量递增系数
skill_saw_path,stake_duration,6,肉桩持续
skill_saw_path,saw_rotation_speed,25,锯条旋转速度
skill_saw_path,saw_push_force,1000,锯条击退力
skill_saw_path,dismember_damage,200,肢解伤害
skill_saw_path,saw_max_distance,900,锯条最大距离
skill_meat_stake,energy_cost,8,能量消耗
skill_meat_stake,chain_radius,250,链条半径
skill_meat_stake,stake_throw_speed,1200,肉桩速度
skill_meat_stake,stake_impact_damage,20,肉桩伤害
skill_meat_stake,stake_duration,6,肉桩持续
skill_web_weave,energy_cost,10,能量消耗
skill_web_weave,fixed_segment_length,320,线段长度
skill_web_weave,recall_fly_speed,3,收网速度
skill_web_weave,recall_damage,40,收网伤害
skill_web_weave,recall_execute_mult,3,处决倍率
skill_web_weave,auto_recall_delay,8,自动收网
skill_web_weave,energy_per_10px,0.4,每10像素能量
skill_web_weave,energy_threshold_distance,1800,能量阈值距离
skill_web_weave,energy_scale_multiplier,0.0006,能量递增系数
skill_stun_bomb,energy_cost,8,能量消耗
skill_stun_bomb,stun_radius,300,定身半径
skill_stun_bomb,stun_duration,2.5,定身时长
skill_herder_loop,dash_speed,2000,冲刺速度
skill_herder_loop,dash_damage,1,冲刺伤害
skill_herder_loop,fixed_segment_length,600,线段长度
skill_herder_loop,energy_per_10px,0.4,每10像素能量
skill_herder_loop,energy_threshold_distance,1800,能量阈值距离
skill_herder_loop,energy_scale_multiplier,0.0005,能量递增系数
skill_herder_loop,dash_base_damage,10,冲刺基础伤害
skill_herder_loop,dash_knockback,2,冲刺击退
skill_herder_explosion,energy_cost,8,能量消耗
skill_herder_explosion,explosion_radius,200,爆炸半径
skill_herder_explosion,explosion_damage,100,爆炸伤害
skill_fire_path,dash_speed,1200,冲刺速度
skill_fire_path,fixed_segment_length,300,线段长度
skill_fire_path,fire_line_damage,20,火线伤害
skill_fire_path,fire_line_duration,5,火线持续
skill_fire_path,fire_line_width,24,火线宽度
skill_fire_path,fire_sea_damage,40,火海伤害
skill_fire_path,fire_sea_duration,5,火海持续
skill_fire_path,energy_per_10px,0.4,每10像素能量
skill_fire_path,energy_threshold_distance,1800,能量阈值距离
skill_fire_path,energy_scale_multiplier,0.0008,能量递增系数
skill_fire_nova,energy_cost,8,能量消耗
skill_fire_nova,fire_nova_radius,140,火焰新星半径
skill_fire_nova,fire_nova_damage,35,火焰新星伤害
skill_fire_nova,fire_nova_duration,3,火焰新星持续
skill_wind_path,dash_speed,1200,冲刺速度
skill_wind_path,fixed_segment_length,300,线段长度
skill_wind_path,wind_wall_pull_force,350,风墙吸力
skill_wind_path,wind_wall_damage,15,风墙伤害
skill_wind_path,storm_zone_damage,30,暴风区伤害
skill_wind_path,energy_per_10px,0.4,每10像素能量
skill_wind_path,energy_threshold_distance,1800,能量阈值距离
skill_wind_path,energy_scale_multiplier,0.0006,能量递增系数
skill_wind_path,wind_wall_duration,3,风墙持续
skill_wind_path,wind_wall_width,24,风墙宽度
skill_wind_path,wind_wall_effect_radius,120,风墙效果半径
skill_wind_path,storm_zone_pull_force,400,暴风区吸力
skill_wind_path,storm_zone_duration,3,暴风区持续
skill_storm_eye,energy_cost,8,能量消耗
skill_storm_eye,storm_eye_radius,140,暴风眼半径
skill_storm_eye,storm_eye_damage,35,暴风眼伤害
skill_storm_eye,storm_eye_pull_force,500,暴风眼吸力
skill_storm_eye,storm_eye_duration,3,暴风眼持续
skill_mine_path,dash_speed,1200,冲刺速度
skill_mine_path,fixed_segment_length,300,线段长度
skill_mine_path,mine_damage,150,地雷伤害
skill_mine_path,mine_trigger_radius,20,地雷触发半径
skill_mine_path,mine_explosion_radius,120,地雷爆炸半径
skill_mine_path,energy_per_10px,0.4,每10像素能量
skill_mine_path,energy_threshold_distance,1800,能量阈值距离
skill_mine_path,energy_scale_multiplier,0.001,能量递增系数
skill_mine_path,mine_density_distance,50,地雷密度距离
skill_mine_path,mine_area_density,60,地雷区域密度
skill_totem,energy_cost,8,能量消耗
skill_totem,totem_duration,8,图腾持续
skill_totem,totem_max_health,200,图腾生命
skill_glacier_q,energy_per_10px,0.4,每10像素能量消耗
skill_glacier_q,energy_threshold_distance,1800,能量递增阈值
skill_glacier_q,energy_scale_multiplier,0.0005,能量递增系数
skill_glacier_q,wall_duration,5.0,冰墙持续时间
skill_glacier_q,wall_width,16.0,冰墙宽度
skill_glacier_q,freeze_duration,2.0,冰冻持续时间
skill_glacier_q,base_line_duration,5.0,线条基础持续时间
skill_glacier_q,cooldown,0,冷却时间
skill_glacier_e,energy_cost,40,能量消耗
skill_glacier_e,cooldown,8,冷却时间
skill_glacier_e,knockback_force,500,击退力度
skill_glacier_e,shield_amount,3,护盾值
skill_glacier_e,explosion_radius,150,爆炸半径
skill_glacier_e,explosion_damage,50,冰爆伤害
skill_tesla_q,energy_per_10px,0.4,每10像素能量消耗
skill_tesla_q,energy_threshold_distance,1800,能量递增阈值
skill_tesla_q,energy_scale_multiplier,0.0005,能量递增系数
skill_tesla_q,arc_damage,25,电弧伤害
skill_tesla_q,arc_stun_duration,0.5,电弧眩晕时间
skill_tesla_q,field_damage,30,雷电场伤害
skill_tesla_q,field_duration,4.0,雷电场持续时间
skill_tesla_q,base_line_duration,5.0,线条基础持续时间
skill_tesla_q,cooldown,0,冷却时间
skill_tesla_e,energy_cost,35,能量消耗
skill_tesla_e,cooldown,10,冷却时间
skill_tesla_e,silence_duration,3.0,沉默持续时间
skill_tesla_e,silence_radius,200,沉默范围
skill_new_pyro_q,energy_per_10px,0.4,每10像素能量消耗
skill_new_pyro_q,energy_threshold_distance,1800,能量递增阈值
skill_new_pyro_q,energy_scale_multiplier,0.0005,能量递增系数
skill_new_pyro_q,wall_contact_damage,15,火墙接触伤害
skill_new_pyro_q,fire_sea_damage,40,火海伤害
skill_new_pyro_q,fire_sea_duration,5.0,火海持续时间
skill_new_pyro_q,base_line_duration,5.0,线条基础持续时间
skill_new_pyro_q,cooldown,0,冷却时间
skill_new_pyro_e,energy_cost,35,能量消耗
skill_new_pyro_e,cooldown,8,冷却时间
skill_new_pyro_e,knockback_force,600,击退力度
skill_new_pyro_e,explosion_radius,160,爆炸半径
skill_new_pyro_e,explosion_damage,45,火焰环伤害
skill_plague_q,energy_per_10px,0.4,每10像素能量消耗
skill_plague_q,energy_threshold_distance,1800,能量递增阈值
skill_plague_q,energy_scale_multiplier,0.0005,能量递增系数
skill_plague_q,slow_value,0.5,减速比例50%
skill_plague_q,poison_damage,8,毒素每跳伤害
skill_plague_q,poison_duration,5.0,毒素持续时间
skill_plague_q,damage_amp_value,0.3,伤害放大30%
skill_plague_q,debuff_zone_duration,6.0,Debuff区域持续时间
skill_plague_q,base_line_duration,5.0,线条基础持续时间
skill_plague_q,cooldown,0,冷却时间
skill_plague_e,energy_cost,40,能量消耗
skill_plague_e,cooldown,10,冷却时间
skill_plague_e,detonate_radius,250,引爆范围
skill_plague_e,damage_per_stack,50,每层毒素引爆伤害
skill_jailer_q,energy_per_10px,0.4,每10像素能量消耗
skill_jailer_q,energy_threshold_distance,1800,能量递增阈值
skill_jailer_q,energy_scale_multiplier,0.0005,能量递增系数
skill_jailer_q,wall_contact_damage,20,电网接触伤害
skill_jailer_q,wall_width,16.0,电网宽度
skill_jailer_q,wall_duration,6.0,电网持续时间
skill_jailer_q,base_line_duration,6.0,线条基础持续时间
skill_jailer_q,cooldown,0,冷却时间
skill_jailer_e,energy_cost,35,能量消耗
skill_jailer_e,cooldown,8,冷却时间
skill_jailer_e,knockback_force,600,击退力度
skill_jailer_e,fan_radius,200,扇形范围
skill_jailer_e,fan_angle,90,扇形角度(度)
skill_jailer_e,bash_damage,40,盾击伤害
skill_new_tempest_q,energy_per_10px,0.4,每10像素能量消耗
skill_new_tempest_q,energy_threshold_distance,1800,能量递增阈值
skill_new_tempest_q,energy_scale_multiplier,0.0005,能量递增系数
skill_new_tempest_q,speed_boost_value,0.5,加速比例50%
skill_new_tempest_q,buff_duration,4.0,风带Buff持续时间
skill_new_tempest_q,pull_damage,20,台风眼每跳伤害
skill_new_tempest_q,pull_force,300,台风眼吸力
skill_new_tempest_q,area_duration,5.0,台风眼持续时间
skill_new_tempest_q,base_line_duration,5.0,线条基础持续时间
skill_new_tempest_q,cooldown,0,冷却时间
skill_new_tempest_e,energy_cost,40,能量消耗
skill_new_tempest_e,cooldown,10,冷却时间
skill_new_tempest_e,throw_force,800,抛飞力度
skill_new_tempest_e,throw_radius,180,龙卷风范围
skill_new_tempest_e,stun_duration,1.0,眩晕时间
skill_new_tempest_e,throw_damage,45,龙卷风伤害
skill_blacksmith_q,energy_per_10px,0.4,每10像素能量消耗
skill_blacksmith_q,energy_threshold_distance,1800,能量递增阈值
skill_blacksmith_q,energy_scale_multiplier,0.0005,能量递增系数
skill_blacksmith_q,attack_boost_value,0.5,攻击力加成50%
skill_blacksmith_q,forge_boost_value,1.0,锻造炉攻速加成100%
skill_blacksmith_q,buff_duration,5.0,Buff持续时间
skill_blacksmith_q,base_line_duration,5.0,线条基础持续时间
skill_blacksmith_q,cooldown,0,冷却时间
skill_blacksmith_e,energy_cost,30,能量消耗
skill_blacksmith_e,cooldown,15,冷却时间
skill_medic_q,energy_per_10px,0.4,每10像素能量消耗
skill_medic_q,energy_threshold_distance,1800,能量递增阈值
skill_medic_q,energy_scale_multiplier,0.0005,能量递增系数
skill_medic_q,heal_value,5,治疗量每跳
skill_medic_q,slow_value,0.4,减速比例40%
skill_medic_q,invincible_duration,3.0,无敌持续时间
skill_medic_q,base_line_duration,5.0,线条基础持续时间
skill_medic_q,cooldown,0,冷却时间
skill_medic_e,energy_cost,40,能量消耗
skill_medic_e,cooldown,12,冷却时间
skill_medic_e,lifesteal_duration,5.0,吸血持续时间
skill_medic_e,lifesteal_value,0.3,吸血比例30%
skill_ammo_q,energy_per_10px,0.4,每10像素能量消耗
skill_ammo_q,energy_threshold_distance,1800,能量递增阈值
skill_ammo_q,energy_scale_multiplier,0.0005,能量递增系数
skill_ammo_q,projectile_boost_value,0.5,弹药加速50%
skill_ammo_q,cooldown_reduction_value,0.3,冷却缩减30%
skill_ammo_q,buff_duration,5.0,Buff持续时间
skill_ammo_q,base_line_duration,5.0,线条基础持续时间
skill_ammo_q,cooldown,0,冷却时间
skill_ammo_e,energy_cost,0,能量消耗(免费)
skill_ammo_e,cooldown,20,冷却时间
skill_paladin_q,energy_per_10px,0.4,每10像素能量消耗
skill_paladin_q,energy_threshold_distance,1800,能量递增阈值
skill_paladin_q,energy_scale_multiplier,0.0005,能量递增系数
skill_paladin_q,wall_width,16.0,光墙宽度
skill_paladin_q,wall_duration,6.0,光墙持续时间
skill_paladin_q,heal_value,3,净化场治疗量
skill_paladin_q,buff_duration,5.0,净化场持续时间
skill_paladin_q,base_line_duration,6.0,线条基础持续时间
skill_paladin_q,cooldown,0,冷却时间
skill_paladin_e,energy_cost,40,能量消耗
skill_paladin_e,cooldown,12,冷却时间
skill_paladin_e,taunt_radius,250,嘲讽范围
skill_paladin_e,taunt_duration,3.0,嘲讽持续时间
skill_vampire_q,energy_per_10px,0.4,每10像素能量消耗
skill_vampire_q,energy_threshold_distance,1800,能量递增阈值
skill_vampire_q,energy_scale_multiplier,0.0005,能量递增系数
skill_vampire_q,hp_cost_percent,0.1,自伤比例10%
skill_vampire_q,blood_damage,30,血路伤害
skill_vampire_q,lifesteal_value,1.0,血池吸血100%
skill_vampire_q,blood_pool_duration,5.0,血池持续时间
skill_vampire_q,base_line_duration,5.0,线条基础持续时间
skill_vampire_q,cooldown,0,冷却时间
skill_vampire_e,energy_cost,35,能量消耗
skill_vampire_e,cooldown,10,冷却时间
skill_vampire_e,drain_radius,200,吸血范围
skill_vampire_e,drain_damage,40,吸血伤害
skill_vampire_e,heal_percent,0.5,治疗比例50%
skill_banner_q,energy_per_10px,0.4,每10像素能量消耗
skill_banner_q,energy_threshold_distance,1800,能量递增阈值
skill_banner_q,energy_scale_multiplier,0.0005,能量递增系数
skill_banner_q,defense_reduction,1.0,防御削减100%
skill_banner_q,debuff_duration,5.0,决斗场持续时间
skill_banner_q,base_line_duration,5.0,线条基础持续时间
skill_banner_q,cooldown,0,冷却时间
skill_banner_e,energy_cost,35,能量消耗
skill_banner_e,cooldown,12,冷却时间
skill_banner_e,speed_boost_value,0.5,移速加成50%
skill_banner_e,speed_boost_duration,4.0,移速加成持续时间
skill_train_q,energy_per_10px,0.4,每10像素能量消耗
skill_train_q,energy_threshold_distance,1800,能量递增阈值
skill_train_q,energy_scale_multiplier,0.0005,能量递增系数
skill_train_q,shockwave_delay,1.0,冲击波延迟
skill_train_q,shockwave_damage,50,冲击波伤害
skill_train_q,beam_damage,25,旋转光束伤害
skill_train_q,beam_duration,5.0,旋转光束持续时间
skill_train_q,base_line_duration,5.0,线条基础持续时间
skill_train_q,cooldown,0,冷却时间
skill_train_e,energy_cost,35,能量消耗
skill_train_e,cooldown,10,冷却时间
skill_train_e,blind_radius,200,致盲范围
skill_train_e,blind_duration,2.5,致盲持续时间
skill_swarm_q,energy_per_10px,0.4,每10像素能量消耗
skill_swarm_q,energy_threshold_distance,1800,能量递增阈值
skill_swarm_q,energy_scale_multiplier,0.0005,能量递增系数
skill_swarm_q,beetle_damage,30,甲虫自爆伤害
skill_swarm_q,beetle_interval,1.0,甲虫生成间隔
skill_swarm_q,beetle_duration,5.0,甲虫存活时间
skill_swarm_q,turret_damage,15,炮塔伤害
skill_swarm_q,turret_count,3,孵化场炮塔数量
skill_swarm_q,heal_value,3,孵化场治疗量
skill_swarm_q,base_line_duration,8.0,线条基础持续时间
skill_swarm_q,cooldown,0,冷却时间
skill_swarm_e,energy_cost,30,能量消耗
skill_swarm_e,cooldown,8,冷却时间
skill_new_totem_q,energy_per_10px,0.4,每10像素能量消耗
skill_new_totem_q,energy_threshold_distance,1800,能量递增阈值
skill_new_totem_q,energy_scale_multiplier,0.0005,能量递增系数
skill_new_totem_q,totem_damage,20,图腾攻击伤害
skill_new_totem_q,totem_duration,10.0,图腾存活时间
skill_new_totem_q,chain_damage,15,闪电链伤害
skill_new_totem_q,quake_damage,35,地震伤害
skill_new_totem_q,slow_value,0.5,地震减速50%
skill_new_totem_q,quake_duration,4.0,地震持续时间
skill_new_totem_q,base_line_duration,10.0,线条基础持续时间
skill_new_totem_q,cooldown,0,冷却时间
skill_new_totem_e,energy_cost,30,能量消耗
skill_new_totem_e,cooldown,8,冷却时间
skill_turret_q,energy_per_10px,0.4,每10像素能量消耗
skill_turret_q,energy_threshold_distance,1800,能量递增阈值
skill_turret_q,energy_scale_multiplier,0.0005,能量递增系数
skill_turret_q,turret_damage,20,炮塔伤害
skill_turret_q,turret_count,3,部署炮塔数量
skill_turret_q,turret_duration,12.0,炮塔存活时间
skill_turret_q,repair_boost,1.0,维修站攻击加成100%
skill_turret_q,repair_duration,6.0,维修站持续时间
skill_turret_q,base_line_duration,12.0,线条基础持续时间
skill_turret_q,cooldown,0,冷却时间
skill_turret_e,energy_cost,30,能量消耗
skill_turret_e,cooldown,8,冷却时间
skill_goo_q,energy_per_10px,0.4,每10像素能量消耗
skill_goo_q,energy_threshold_distance,1800,能量递增阈值
skill_goo_q,energy_scale_multiplier,0.0005,能量递增系数
skill_goo_q,slow_value,0.9,超级胶水减速90%
skill_goo_q,slow_duration,4.0,减速持续时间
skill_goo_q,pool_damage,20,分裂池伤害
skill_goo_q,pool_duration,5.0,分裂池持续时间
skill_goo_q,slime_count,2,迷你史莱姆数量
skill_goo_q,base_line_duration,5.0,线条基础持续时间
skill_goo_q,cooldown,0,冷却时间
skill_goo_e,energy_cost,40,能量消耗
skill_goo_e,cooldown,12,冷却时间
skill_goo_e,devour_radius,150,吞噬范围
skill_goo_e,heal_amount,30,吞噬治疗量
skill_necro_q,energy_per_10px,0.4,每10像素能量消耗
skill_necro_q,energy_threshold_distance,1800,能量递增阈值
skill_necro_q,energy_scale_multiplier,0.0005,能量递增系数
skill_necro_q,wall_health,3,骨墙生命值
skill_necro_q,wall_width,16.0,骨墙宽度
skill_necro_q,corpse_damage,60,尸爆伤害
skill_necro_q,corpse_duration,6.0,尸爆场持续时间
skill_necro_q,base_line_duration,8.0,线条基础持续时间
skill_necro_q,cooldown,0,冷却时间
skill_necro_e,energy_cost,40,能量消耗
skill_necro_e,cooldown,12,冷却时间
skill_necro_e,fear_radius,200,恐惧范围
skill_necro_e,fear_duration,3.0,恐惧持续时间
skill_merchant_q,energy_per_10px,0.4,每10像素能量消耗
skill_merchant_q,energy_threshold_distance,1800,能量递增阈值
skill_merchant_q,energy_scale_multiplier,0.0005,能量递增系数
skill_merchant_q,gold_bonus,0.2,金币加成20%
skill_merchant_q,discount_value,0.15,商店折扣15%
skill_merchant_q,buff_duration,8.0,Buff持续时间
skill_merchant_q,base_line_duration,8.0,线条基础持续时间
skill_merchant_q,cooldown,0,冷却时间
skill_merchant_e,energy_cost,30,能量消耗
skill_merchant_e,cooldown,15,冷却时间
skill_merchant_e,gold_amount,50,获得金币数量
skill_midas_q,energy_per_10px,0.4,每10像素能量消耗
skill_midas_q,energy_threshold_distance,1800,能量递增阈值
skill_midas_q,energy_scale_multiplier,0.0005,能量递增系数
skill_midas_q,petrify_slow,0.95,石化减速95%
skill_midas_q,petrify_duration,3.0,石化持续时间
skill_midas_q,transmute_damage_amp,0.5,变金伤害放大50%
skill_midas_q,transmute_duration,5.0,变金圈持续时间
skill_midas_q,base_line_duration,5.0,线条基础持续时间
skill_midas_q,cooldown,0,冷却时间
skill_midas_e,energy_cost,45,能量消耗
skill_midas_e,cooldown,12,冷却时间
skill_midas_e,touch_damage,200,点金伤害
skill_midas_e,touch_radius,120,点金范围
skill_midas_e,gold_drop,30,掉落金币
skill_vacuum_q,energy_per_10px,0.4,每10像素能量消耗
skill_vacuum_q,energy_threshold_distance,1800,能量递增阈值
skill_vacuum_q,energy_scale_multiplier,0.0005,能量递增系数
skill_vacuum_q,pull_force,250,吸引力度
skill_vacuum_q,pull_damage,15,吸引伤害
skill_vacuum_q,vortex_force,400,漩涡吸力
skill_vacuum_q,vortex_damage,25,漩涡伤害
skill_vacuum_q,vortex_duration,4.0,漩涡持续时间
skill_vacuum_q,base_line_duration,5.0,线条基础持续时间
skill_vacuum_q,cooldown,0,冷却时间
skill_vacuum_e,energy_cost,30,能量消耗
skill_vacuum_e,cooldown,15,冷却时间
skill_vacuum_e,vacuum_radius,300,吸取范围
skill_executioner_q,energy_per_10px,0.4,每10像素能量消耗
skill_executioner_q,energy_threshold_distance,1800,能量递增阈值
skill_executioner_q,energy_scale_multiplier,0.0005,能量递增系数
skill_executioner_q,damage_amp_value,0.4,伤害放大40%
skill_executioner_q,damage_amp_duration,5.0,伤害放大持续时间
skill_executioner_q,guillotine_damage,100,断头台伤害
skill_executioner_q,guillotine_duration,1.0,断头台持续时间
skill_executioner_q,base_line_duration,5.0,线条基础持续时间
skill_executioner_q,cooldown,0,冷却时间
skill_executioner_e,energy_cost,45,能量消耗
skill_executioner_e,cooldown,15,冷却时间
skill_executioner_e,execute_radius,200,处刑范围
skill_executioner_e,execute_threshold,0.2,处刑血量阈值20%
skill_gambler_q,energy_per_10px,0.4,每10像素能量消耗
skill_gambler_q,energy_threshold_distance,1800,能量递增阈值
skill_gambler_q,energy_scale_multiplier,0.0005,能量递增系数
skill_gambler_q,random_buff_value,0.5,随机Buff数值
skill_gambler_q,random_debuff_value,0.5,随机Debuff数值
skill_gambler_q,zone_duration,5.0,区域持续时间
skill_gambler_q,base_line_duration,5.0,线条基础持续时间
skill_gambler_q,cooldown,0,冷却时间
skill_gambler_e,energy_cost,25,能量消耗
skill_gambler_e,cooldown,10,冷却时间
skill_gambler_e,buff_value,1.0,赌赢攻击加成100%
skill_gambler_e,buff_duration,5.0,赌赢Buff持续时间
skill_gambler_e,self_damage,30,赌输自伤
skill_hunter_q,energy_per_10px,0.4,每10像素能量消耗
skill_hunter_q,energy_threshold_distance,1800,能量递增阈值
skill_hunter_q,energy_scale_multiplier,0.0005,能量递增系数
skill_hunter_q,slow_value,0.5,陷阱减速50%
skill_hunter_q,slow_duration,3.0,减速持续时间
skill_hunter_q,freeze_duration,2.0,冰冻持续时间
skill_hunter_q,trap_duration,8.0,陷阱持续时间
skill_hunter_q,base_line_duration,8.0,线条基础持续时间
skill_hunter_q,cooldown,0,冷却时间
skill_hunter_e,energy_cost,30,能量消耗
skill_hunter_e,cooldown,10,冷却时间
skill_hunter_e,mark_radius,300,标记范围
skill_hunter_e,mark_duration,5.0,标记持续时间
skill_hunter_e,mark_damage_amp,0.5,标记伤害放大50%
skill_illusionist_q,energy_per_10px,0.4,每10像素能量消耗
skill_illusionist_q,energy_threshold_distance,1800,能量递增阈值
skill_illusionist_q,energy_scale_multiplier,0.0005,能量递增系数
skill_illusionist_q,wall_width,16.0,镜面宽度
skill_illusionist_q,wall_duration,5.0,镜面持续时间
skill_illusionist_q,phantom_damage,15,幻影攻击伤害
skill_illusionist_q,phantom_duration,10.0,幻影存活时间
skill_illusionist_q,phantom_count,2,幻影数量
skill_illusionist_q,base_line_duration,5.0,线条基础持续时间
skill_illusionist_q,cooldown,0,冷却时间
skill_illusionist_e,energy_cost,25,能量消耗
skill_illusionist_e,cooldown,8,冷却时间
skill_voodoo_q,energy_per_10px,0.4,每10像素能量消耗
skill_voodoo_q,energy_threshold_distance,1800,能量递增阈值
skill_voodoo_q,energy_scale_multiplier,0.0005,能量递增系数
skill_voodoo_q,curse_duration,6.0,诅咒持续时间
skill_voodoo_q,curse_damage,10,诅咒每跳伤害
skill_voodoo_q,pin_damage,30,钉刺坑伤害
skill_voodoo_q,pin_duration,4.0,钉刺坑持续时间
skill_voodoo_q,base_line_duration,6.0,线条基础持续时间
skill_voodoo_q,cooldown,0,冷却时间
skill_voodoo_e,energy_cost,35,能量消耗
skill_voodoo_e,cooldown,10,冷却时间
skill_voodoo_e,self_damage,20,自伤值
skill_voodoo_e,curse_damage,60,诅咒伤害
skill_saw_path,desc_q_line,沿路径释放锯条，对接触敌人造成持续伤害并击退。,Q画线介绍
skill_saw_path,desc_q_circle,闭合区域内放置肉桩，用链条连接形成绞杀区域。,Q画圈介绍
skill_meat_stake,desc_e,投掷肉桩钉住敌人，造成伤害并固定目标。,E技能介绍
skill_fire_path,desc_q_line,沿路径创建火墙，阻挡敌人并造成接触伤害。,Q画线介绍
skill_fire_path,desc_q_circle,闭合区域内创建火海，持续对区域内敌人造成伤害。,Q画圈介绍
skill_fire_nova,desc_e,在角色周围产生火焰环，击退附近敌人。,E技能介绍
skill_web_weave,desc_q_line,沿路径编织蛛网线，延迟后收网对路径上敌人造成伤害。,Q画线介绍
skill_web_weave,desc_q_circle,闭合区域内编织蛛网陷阱，困住区域内敌人。,Q画圈介绍
skill_stun_bomb,desc_e,投掷定身炸弹，范围内敌人被定身。,E技能介绍
skill_wind_path,desc_q_line,沿路径创建风墙，将敌人吸向风墙中心并造成伤害。,Q画线介绍
skill_wind_path,desc_q_circle,闭合区域内创建暴风区，持续将敌人拉向中心。,Q画圈介绍
skill_storm_eye,desc_e,在角色位置创建暴风眼，吸引并伤害附近敌人。,E技能介绍
skill_mine_path,desc_q_line,沿路径埋设地雷，敌人踩到后触发爆炸造成大量伤害。,Q画线介绍
skill_mine_path,desc_q_circle,闭合区域内密集布雷，形成雷区。,Q画圈介绍
skill_totem,desc_e,放置图腾，图腾自动攻击附近敌人。,E技能介绍
skill_herder_loop,desc_q_line,沿路径冲刺，对路径上敌人造成伤害并击退。,Q画线介绍
skill_herder_loop,desc_q_circle,闭合区域形成围栏，困住区域内敌人。,Q画圈介绍
skill_herder_explosion,desc_e,引爆周围区域，对范围内敌人造成大量伤害。,E技能介绍
skill_glacier_q,desc_q_line,沿路径创建冰墙，阻挡敌人和子弹。,Q画线介绍
skill_glacier_q,desc_q_circle,闭合区域内所有敌人施加冰冻状态。,Q画圈介绍
skill_glacier_e,desc_e,冰爆：击退周围敌人并获得临时护盾。,E技能介绍
skill_tesla_q,desc_q_line,沿路径创建电弧线，对接触敌人造成伤害并眩晕。,Q画线介绍
skill_tesla_q,desc_q_circle,闭合区域内创建雷电场，持续对敌人造成伤害。,Q画圈介绍
skill_tesla_e,desc_e,范围沉默：阻止范围内敌人使用特殊技能。,E技能介绍
skill_new_pyro_q,desc_q_line,沿路径创建火墙，阻挡敌人并造成持续伤害。,Q画线介绍
skill_new_pyro_q,desc_q_circle,闭合区域内创建火海，持续对敌人造成伤害。,Q画圈介绍
skill_new_pyro_e,desc_e,火焰环：在角色周围产生火焰冲击波，击退附近敌人。,E技能介绍
skill_plague_q,desc_q_line,沿路径创建腐蚀带，对敌人施加减速和中毒。,Q画线介绍
skill_plague_q,desc_q_circle,闭合区域内敌人受到的伤害增加30%。,Q画圈介绍
skill_plague_e,desc_e,引爆范围内中毒敌人的毒素层数，造成爆发伤害。,E技能介绍
skill_jailer_q,desc_q_line,沿路径创建电网，对接触敌人造成伤害和击退。,Q画线介绍
skill_jailer_q,desc_q_circle,在闭合区域边界创建封闭的碰撞墙壁。,Q画圈介绍
skill_jailer_e,desc_e,盾击：在角色前方扇形范围内击退敌人。,E技能介绍
skill_new_tempest_q,desc_q_line,沿路径创建风带，为经过的队友提供移速加成。,Q画线介绍
skill_new_tempest_q,desc_q_circle,闭合区域内创建台风眼，将敌人持续拉向中心。,Q画圈介绍
skill_new_tempest_e,desc_e,龙卷风：将附近敌人抛向空中并眩晕。,E技能介绍
skill_blacksmith_q,desc_q_line,沿路径创建磨刀石区域，为队友提供攻击力+50%。,Q画线介绍
skill_blacksmith_q,desc_q_circle,闭合区域内为队友提供攻击速度+100%。,Q画圈介绍
skill_blacksmith_e,desc_e,重置冷却：立即重置当前角色的Q技能冷却时间。,E技能介绍
skill_medic_q,desc_q_line,沿路径创建消毒带，为队友恢复生命，对敌人施加减速。,Q画线介绍
skill_medic_q,desc_q_circle,闭合区域内为队友每秒恢复生命并提供短暂无敌。,Q画圈介绍
skill_medic_e,desc_e,吸血Buff：为当前角色提供30%生命偷取。,E技能介绍
skill_ammo_q,desc_q_line,沿路径创建加速轨道，队友子弹穿过时增加伤害。,Q画线介绍
skill_ammo_q,desc_q_circle,闭合区域内减少队友技能冷却时间30%。,Q画圈介绍
skill_ammo_e,desc_e,能量恢复：立即将当前角色能量恢复至满值。,E技能介绍
skill_paladin_q,desc_q_line,沿路径创建光墙，阻挡敌人子弹。,Q画线介绍
skill_paladin_q,desc_q_circle,闭合区域内清除队友Debuff并提供持续治疗。,Q画圈介绍
skill_paladin_e,desc_e,嘲讽：强制范围内敌人攻击当前角色。,E技能介绍
skill_vampire_q,desc_q_line,消耗自身10%生命值，对路径上敌人造成伤害。,Q画线介绍
skill_vampire_q,desc_q_circle,闭合区域内为队友提供100%生命偷取。,Q画圈介绍
skill_vampire_e,desc_e,吸血：吸取附近敌人生命值恢复自身。,E技能介绍
skill_banner_q,desc_q_line,沿路径创建冲锋线，使队友忽略单位碰撞。,Q画线介绍
skill_banner_q,desc_q_circle,闭合区域内敌人防御力降为0。,Q画圈介绍
skill_banner_e,desc_e,号角：吹响号角，为全队提供短暂移速+50%。,E技能介绍
skill_train_q,desc_q_line,沿路径创建幽灵轨道，延迟1秒后释放冲击波造成大量伤害。,Q画线介绍
skill_train_q,desc_q_circle,闭合区域内创建旋转光束，持续对敌人造成伤害。,Q画圈介绍
skill_train_e,desc_e,致盲：发出汽笛声，致盲范围内所有敌人。,E技能介绍
skill_swarm_q,desc_q_line,沿路径创建裂缝，每秒生成一只自爆甲虫。,Q画线介绍
skill_swarm_q,desc_q_circle,闭合区域内生成3个炮塔并为队友恢复生命。,Q画圈介绍
skill_swarm_e,desc_e,集火：命令所有召唤物集火攻击最近的敌人。,E技能介绍
skill_new_totem_q,desc_q_line,在路径起点和终点各放置图腾，以闪电链连接。,Q画线介绍
skill_new_totem_q,desc_q_circle,闭合区域内创建地震效果，每秒伤害并减速敌人。,Q画圈介绍
skill_new_totem_e,desc_e,引爆图腾：引爆场上所有图腾，对周围敌人造成范围伤害。,E技能介绍
skill_turret_q,desc_q_line,沿路径等距放置3个自动炮塔。,Q画线介绍
skill_turret_q,desc_q_circle,闭合区域内炮塔获得双倍攻击速度。,Q画圈介绍
skill_turret_e,desc_e,引爆炮塔：引爆所有炮塔，对周围敌人造成范围伤害。,E技能介绍
skill_goo_q,desc_q_line,沿路径创建超级胶水，对敌人施加90%减速。,Q画线介绍
skill_goo_q,desc_q_circle,闭合区域内敌人受伤时生成迷你史莱姆。,Q画圈介绍
skill_goo_e,desc_e,吞噬：吞噬最近的小型敌人并恢复生命。,E技能介绍
skill_necro_q,desc_q_line,沿路径创建骨墙，受3次攻击后破碎。,Q画线介绍
skill_necro_q,desc_q_circle,闭合区域内敌人死亡时爆炸伤害周围敌人。,Q画圈介绍
skill_necro_e,desc_e,恐惧：对范围内敌人施加恐惧状态，使其逃跑。,E技能介绍
skill_illusionist_q,desc_q_line,沿路径创建镜面墙，反射敌人子弹。,Q画线介绍
skill_illusionist_q,desc_q_circle,在闭合区域中心创建幻影分身，吸引敌人仇恨。,Q画圈介绍
skill_illusionist_e,desc_e,交换位置：与幻影分身交换位置。,E技能介绍
skill_voodoo_q,desc_q_line,沿路径创建诅咒线，对敌人施加诅咒持续伤害。,Q画线介绍
skill_voodoo_q,desc_q_circle,闭合区域内攻击任意单位时对所有诅咒敌人造成等量伤害。,Q画圈介绍
skill_voodoo_e,desc_e,巫毒自伤：自伤触发全屏诅咒伤害，对所有诅咒敌人造成伤害。,E技能介绍
skill_merchant_q,desc_q_line,沿路径创建赏金线，击杀线上敌人额外获得20%金币。,Q画线介绍
skill_merchant_q,desc_q_circle,闭合区域内创建黑市，商店折扣15%。,Q画圈介绍
skill_merchant_e,desc_e,金币炸弹：投掷金币炸弹，获得50金币。,E技能介绍
skill_midas_q,desc_q_line,沿路径释放金光射线，对敌人施加95%石化减速。,Q画线介绍
skill_midas_q,desc_q_circle,闭合区域内创建转化阵，敌人受到的伤害放大50%。,Q画圈介绍
skill_midas_e,desc_e,点金术：对最近敌人造成200伤害并掉落30金币。,E技能介绍
skill_vacuum_q,desc_q_line,沿路径创建传送带，将敌人吸向路径中心并造成伤害。,Q画线介绍
skill_vacuum_q,desc_q_circle,闭合区域内创建漩涡，持续吸引并伤害敌人。,Q画圈介绍
skill_vacuum_e,desc_e,全屏吸取：立即吸取范围内所有掉落物到玩家位置。,E技能介绍
skill_executioner_q,desc_q_line,沿路径创建红线，线上敌人受到的伤害放大40%。,Q画线介绍
skill_executioner_q,desc_q_circle,闭合区域内创建断头台，对区域内敌人造成100伤害。,Q画圈介绍
skill_executioner_e,desc_e,处刑：范围内血量低于20%的敌人立即被处决。,E技能介绍
skill_gambler_q,desc_q_line,沿路径创建随机变色带，随机施加不同效果。,Q画线介绍
skill_gambler_q,desc_q_circle,闭合区域内创建轮盘，随机给予Buff或Debuff。,Q画圈介绍
skill_gambler_e,desc_e,掷硬币：50%概率获得双倍攻击力，50%概率自伤。,E技能介绍
skill_hunter_q,desc_q_line,沿路径创建陷阱线，对敌人施加50%减速和冰冻。,Q画线介绍
skill_hunter_q,desc_q_circle,闭合区域内创建猎场，陷阱持续8秒。,Q画圈介绍
skill_hunter_e,desc_e,标记目标：标记最近敌人，受到的伤害增加50%。,E技能介绍